id,name,logo_image,name_kana,address,station_name,ktai_coupon,large_service_area_code,large_service_area_name,service_area_code,service_area_name,large_area_code,large_area_name,middle_area_code,middle_area_name,small_area_code,small_area_name,lat,lng,genre_code,genre_name,genre_catch,sub_genre_code,sub_genre_name,budget_code,budget_name,budget_average,budget_memo,catch,capacity,access,mobile_access,urls_pc,photo_pc_l,photo_pc_m,photo_pc_s,photo_mobile_l,photo_mobile_s,open,close,party_capacity,wifi,wedding,course,free_drink,free_food,private_room,horigotatsu,tatami,card,non_smoking,charter,ktai,parking,barrier_free,other_memo,sommelier,open_air,show,equipment,karaoke,band,tv,english,pet,child,lunch,midnight,shop_detail_memo,coupon_urls_pc,coupon_urls_sp,search_keyword
TempShop_1,中華厨房 竹内,,ちゅうかちゅうぼう たけうち,大阪府大阪市北区曽根崎１−１３−１１,東梅田,1,SS20,関西,SA23,大阪,Z023,大阪,Y300,梅田,X310,お初天神,34.7007593585,135.500903885,G007,中華,小籠包　中華(架空のお店です。実在しません。),G007,中華,B001,1501～2000円,1100円,,コロナ感染予防対策 安心・安全のお店へ,52,阪急梅田駅徒歩5分/地下鉄御堂筋線梅田駅徒歩5分,阪急梅田駅徒歩5分,,,,,https://ippin-bucket-dev.s3-ap-northeast-1.amazonaws.com/TemporaryShops/photo/mobile/l/TempShop_1.jpeg,,月～日、祝日、祝前日: 11:00～23:00 （料理L.O. 22:30 ドリンクL.O. 22:30）,なし,52,未確認,,なし,なし,なし,なし,なし,なし,利用可,禁煙席なし,貸切不可,,なし ：近隣に駐車場あり,なし ：スタッフ一同全力でサポートさせていただきます。,,,,なし,,なし,不可,なし,なし,不可,お子様連れ歓迎,あり,営業している,,,,中華厨房 竹内ちゅうかちゅうぼう たけうちチュウカチュウボウ タケウチ大阪府大阪市北区曽根崎１−１３−１１東梅田梅田小籠包　中華(架空のお店です。実在しません。)中華
TempShop_2,チャイニーズレストラン 橋本,,ちゃいにーずれすとらん はしもと,大阪府大阪市北区芝田１−４−２６,大阪,1,SS20,関西,SA23,大阪,Z023,大阪,Y300,梅田,XEI2,茶屋町・中崎町・中津,34.7059086944,135.4975148415,G007,中華,中華食房(架空のお店です。実在しません。),G007,中華,B001,1501～2000円,昼680円／夜1000円,,気軽なカウンター席 ゆったりした2人席,44,阪急梅田駅徒歩2分茶屋町口出てスグ！,阪急梅田駅徒歩2分,,,,,https://ippin-bucket-dev.s3-ap-northeast-1.amazonaws.com/TemporaryShops/photo/mobile/l/TempShop_2.jpeg,,月、火、木～日、祝日、祝前日: 11:30～14:3017:00～23:00,水,30,なし,,あり,あり,なし,なし,なし,なし,利用不可,禁煙席なし,貸切不可,,なし,なし ：可能な限りお手伝いをさせて頂きます。,カウンター6席,,,なし,,なし,不可,なし,なし,不可,お子様連れ歓迎,あり,営業している,,,,チャイニーズレストラン 橋本ちゃいにーずれすとらん はしもとチャイニーズレストラン ハシモト大阪府大阪市北区芝田１−４−２６大阪梅田中華食房(架空のお店です。実在しません。)中華
TempShop_3,中国料理 武田,,ちゅうごくろうり たけだ,大阪府東大阪市足代新町１−１,布施,0,SS20,関西,SA23,大阪,Z023,大阪,Y361,東大阪市・八尾市・平野・大東市,XELO,東大阪,34.6643062986,135.5617395025,G007,中華,中華料理(架空のお店です。実在しません。),G007,中華,B004,5001～7000円,6500円,お通し代（お会計の10％　※XO醤食べ放題含む）,本格中華 上質空間　個室8名まで,15,近鉄大阪線布施駅 北口 徒歩2分,近鉄大阪線布施駅 北口 徒歩2分,,,,,https://ippin-bucket-dev.s3-ap-northeast-1.amazonaws.com/TemporaryShops/photo/mobile/l/TempShop_3.jpeg,,月～日、祝日、祝前日: 18:00～23:00,なし,15,なし,,あり,あり ：2500円（120分飲み放題＋お会計10％＋XO醤食べ放題）,なし,なし ：個室最大8名まで,なし,なし,利用可,全面禁煙,貸切不可 ：応相談10名～15名,,なし ：近隣にコインパーキングあり,なし ：ご了承下さい,,,,なし,,なし,不可,なし,なし,不可,お子様連れOK,なし,営業していない,,,,中国料理 武田ちゅうごくろうり たけだチュウゴクロウリ タケダ大阪府東大阪市足代新町１−１布施東大阪市・八尾市・平野・大東市中華料理(架空のお店です。実在しません。)中華
TempShop_4,中国料理レストラン 前田,,ちゅうごくりょうりれすとらん まえだ,大阪府大阪市都島区東野田町１丁目１−３１,京橋,0,SS20,関西,SA23,大阪,Z023,大阪,Y310,京橋・天満・天六・南森町,X345,京橋,34.697265498,135.5330092401,G007,中華,中華(架空のお店です。実在しません。),G013,ラーメン,B001,1501～2000円,昼700円／夜1500円,,気軽に立ち寄れる ゆったり寛げる,86,京橋駅直結！！駅チカ◎寛ぎ個室×肉バル♪飲み放題付コース3500円～ご用意♪2名様～ご利用可能な個室席完備！,今日橋駅直結!絶品肉料理を堪能◎飲み放題付3500円～,,,,,https://ippin-bucket-dev.s3-ap-northeast-1.amazonaws.com/TemporaryShops/photo/mobile/l/TempShop_4.jpeg,,月～日、祝日、祝前日: 11:00～22:30 （料理L.O. 22:00）,1/1～1/3はお休みします,50,あり,応相談,なし,あり,なし,なし,なし,なし,利用不可,全面禁煙,貸切不可 ：2階のみ可能,,あり ：近くにコインパーキングがございます。,なし ：申し訳ありません。ご用意がありません。,カウンター席あり,,,なし,,なし,不可,なし,なし,不可,お子様連れ歓迎,あり,営業していない,,,,中国料理レストラン 前田ちゅうごくりょうりれすとらん まえだチュウゴクリョウリレストラン マエダ大阪府大阪市都島区東野田町１丁目１−３１京橋京橋・天満・天六・南森町中華(架空のお店です。実在しません。)中華
TempShop_5,中華バル 高木,,ちゅうかばる こうぼく,大阪府東大阪市小阪本町１−７−１５,河内小阪,0,SS20,関西,SA23,大阪,Z023,大阪,Y361,東大阪市・八尾市・平野・大東市,XELO,東大阪,34.6588243175,135.5812540876,G013,ラーメン,中華そば(架空のお店です。実在しません。),G007,中華,B001,1501～2000円,600円,,広島ラーメン,24,171号線沿い、上小阪1丁目セブンイレブン近くにあります。,171号線沿い、上小阪1丁目セブンイレブン近くに有り。,,,,,https://ippin-bucket-dev.s3-ap-northeast-1.amazonaws.com/TemporaryShops/photo/mobile/l/TempShop_5.jpeg,,月～土、祝日、祝前日: 11:00～22:00,日,24,なし,,なし,なし,なし,なし,なし,なし,利用不可,全面禁煙,貸切不可,,あり ：専用駐車場に4台までご利用頂けます。,あり ：車椅子可,,,,なし,,なし,不可,なし,なし,不可,お子様連れOK,あり,営業していない,,,,中華バル 高木ちゅうかばる こうぼくチュウカバル コウボク大阪府東大阪市小阪本町１−７−１５河内小阪東大阪市・八尾市・平野・大東市中華そば(架空のお店です。実在しません。)ラーメン
TempShop_6,中華 近藤,,ちゅうか こんどう,大阪府八尾市東本町１−７−１１,近鉄八尾,0,SS20,関西,SA23,大阪,Z023,大阪,Y361,東大阪市・八尾市・平野・大東市,XELN,八尾,34.6265924041,135.6044087049,G007,中華,中華レストラン(架空のお店です。実在しません。),G007,中華,B001,1501～2000円,800円(通常平均) ,お通し代：なし,こだわり餃子220円(税抜) 名物！焼めし400円(税抜),75,近鉄八尾駅から約徒歩5分。駅から南へ300m直進。,近鉄八尾駅から約徒歩5分。駅から南へ300m直進。,,,,,https://ippin-bucket-dev.s3-ap-northeast-1.amazonaws.com/TemporaryShops/photo/mobile/l/TempShop_6.jpeg,,月～金: 11:30～22:30土、祝前日: 11:00～22:30日: 11:00～21:30,祝日,,なし,,なし,なし,なし,なし,なし,なし,利用不可,全面禁煙,貸切不可,,あり ：専用駐車場が3台ございます。,あり ：車イス可能。,,,,なし,,なし,不可,なし,なし,不可,お子様連れOK,あり,営業していない,,,,中華 近藤ちゅうか こんどうチュウカ コンドウ大阪府八尾市東本町１−７−１１近鉄八尾東大阪市・八尾市・平野・大東市中華レストラン(架空のお店です。実在しません。)中華
TempShop_7,酒家 藤原,,しゅか ふじわら,大阪府大阪市西区新町１−２８−１,四ツ橋,0,SS20,関西,SA23,大阪,Z023,大阪,Y315,心斎橋・なんば・南船場・堀江,X370,南船場・新町,34.6777090552,135.4945332802,G007,中華,中華料理(架空のお店です。実在しません。),G007,中華,B001,1501～2000円,昼700円／夜1200円,,ゆったりくつろげる座敷 カウンター席あり,80,地下鉄四ツ橋線四ツ橋駅徒歩6分/地下鉄長堀鶴見緑地線西大橋駅徒歩5分/地下鉄御堂筋線心斎橋駅徒歩10分,四ツ橋駅徒歩6分/西大橋駅徒歩5分/心斎橋駅徒歩10分  ,,,,,https://ippin-bucket-dev.s3-ap-northeast-1.amazonaws.com/TemporaryShops/photo/mobile/l/TempShop_7.jpeg,,火～日、祝日、祝前日: 11:00～22:00 （料理L.O. 21:30 ドリンクL.O. 21:30）,月,40,なし,,あり,なし ：コース別、男性1500円、女性1200円,なし,なし,なし,なし ：丸テーブル,利用不可,全面禁煙,貸切不可 ：2階40名席あり,,なし ：お近くのコインパーキングをご利用ください。,なし ：お気軽に店舗までご相談ください。,,,,あり,,なし,可,あり,なし,不可,お子様連れ歓迎,あり,営業していない,近隣に出前あり,,,酒家 藤原しゅか ふじわらシュカ フジワラ大阪府大阪市西区新町１−２８−１四ツ橋心斎橋・なんば・南船場・堀江中華料理(架空のお店です。実在しません。)中華
TempShop_8,中華厨房 長谷川,,ちゅうかちゅうぼう はせがわ,大阪府大阪市阿倍野区阿倍野筋１−１−３１,天王寺,0,SS20,関西,SA23,大阪,Z023,大阪,Y325,天王寺,XEIW,阿倍野,34.645774252,135.5142429078,G007,中華,中華料理(架空のお店です。実在しません。),G007,中華,B001,1501～2000円,昼～999円／夜～999円,,気の置けない仲間と 居心地のよい空間,28,地下鉄御堂筋線 天王寺駅 徒歩1分/地下鉄御堂筋線 天王寺駅 徒歩1分/地下鉄御堂筋線 天王寺駅 徒歩1分,各線 天王寺駅 徒歩1分,,,,,https://ippin-bucket-dev.s3-ap-northeast-1.amazonaws.com/TemporaryShops/photo/mobile/l/TempShop_8.jpeg,,月、火、木～日、祝日、祝前日: 11:00～15:0017:00～22:00,水,28,なし,応相談,あり,なし ：コースに＋1000円で飲み放題が付けられる。詳細お店に。,なし,なし,なし,なし,利用不可,全面禁煙,貸切不可,,あり ：近鉄百貨店併設駐車場をお使いください,あり ：車いすで入店可　車いすで入店可　※バリアフリーの詳細はお店にお問合せください,カウンター8席あります,,,なし,,なし,不可,なし,なし,不可,お子様連れOK,あり,営業していない,,,,中華厨房 長谷川ちゅうかちゅうぼう はせがわチュウカチュウボウ ハセガワ大阪府大阪市阿倍野区阿倍野筋１−１−３１天王寺天王寺中華料理(架空のお店です。実在しません。)中華
TempShop_9,チャイニーズレストラン 藤田,,ちゃいにーずれすとらん ふじた,大阪府大阪市中央区難波１−３−１,なんば,0,SS20,関西,SA23,大阪,Z023,大阪,Y315,心斎橋・なんば・南船場・堀江,X375,難波,34.6680641506,135.4992901332,G007,中華,中華(架空のお店です。実在しません。),G009,アジア・エスニック料理,B001,1501～2000円,昼900円／夜1000円,,カウンター席もあり 高めに区切られた座席,60,近鉄難波線 大阪難波駅 徒歩1分/阪神なんば線 大阪難波駅 徒歩1分,各線なんば駅から徒歩5分圏内,,,,,https://ippin-bucket-dev.s3-ap-northeast-1.amazonaws.com/TemporaryShops/photo/mobile/l/TempShop_9.jpeg,,火～日、祝日、祝前日: 11:00～14:00 （料理L.O. 13:45 ドリンクL.O. 13:45）17:30～21:00 （料理L.O. 20:45 ドリンクL.O. 20:45）,月,60,なし,,なし,なし,なし,なし ：2つ,なし,なし ：1つ,利用不可,全面禁煙,貸切不可,,なし,なし,,,,なし,,なし,不可,なし,なし,不可,お子様連れ歓迎,なし,営業していない,,,,チャイニーズレストラン 藤田ちゃいにーずれすとらん ふじたチャイニーズレストラン フジタ大阪府大阪市中央区難波１−３−１なんば心斎橋・なんば・南船場・堀江中華(架空のお店です。実在しません。)中華
TempShop_10,中国料理 吉田,,ちゅうごくろうり よしだ,大阪府大阪市中央区難波５−１−１１,なんば,0,SS20,関西,SA23,大阪,Z023,大阪,Y315,心斎橋・なんば・南船場・堀江,X375,難波,34.6646679137,135.5011795267,G013,ラーメン,ラーメン　まぜそば　餃子　中華　本通　(架空のお店です。実在しません。),G007,中華,B011,1001～1500円,ランチ800円/ディナー1000円,,極濃豚骨魚介らーめん パリパリ羽根付き肉汁餃子,23,地下鉄御堂筋線なんば駅徒歩1分/南海本線難波駅徒歩1分/近鉄難波線大阪難波駅徒歩3分/,地下鉄御堂筋線なんば駅徒歩1分 ,,,,,https://ippin-bucket-dev.s3-ap-northeast-1.amazonaws.com/TemporaryShops/photo/mobile/l/TempShop_10.jpeg,,月～金、祝前日: 11:00～15:30 （料理L.O. 15:00 ドリンクL.O. 15:00）17:30～翌0:00 （料理L.O. 23:40 ドリンクL.O. 23:40）土: 11:00～翌0:00 （料理L.O. 23:40 ドリンクL.O. 23:40）日、祝日: 11:00～22:00 （料理L.O. 21:40 ドリンクL.O. 21:40）,年末年始、連休時は店舗へお問い合わせください。,,あり,,なし,なし,なし,なし,なし,なし,利用不可,全面禁煙,貸切不可,,あり ：高島屋のパーキング　3000円以上お買い上げの方は2時間無料,あり ：※詳細はお問い合わせください,,,,なし,,なし,不可,なし,なし,不可,お子様連れOK,あり,営業していない,,,,中国料理 吉田ちゅうごくろうり よしだチュウゴクロウリ ヨシダ大阪府大阪市中央区難波５−１−１１なんば心斎橋・なんば・南船場・堀江ラーメン　まぜそば　餃子　中華　本通　(架空のお店です。実在しません。)ラーメン
TempShop_11,中国料理レストラン 藤田,,ちゅうごくりょうりれすとらん ふじた,大阪府大阪市北区角田町８−２１,大阪,0,SS20,関西,SA23,大阪,Z023,大阪,Y300,梅田,XEI2,茶屋町・中崎町・中津,34.7034062631,135.5001874693,G007,中華,昔ながらの中華料理 (架空のお店です。実在しません。),G007,中華,B001,1501～2000円,昼700円／夜1500円,,入りやすいテーブル席 一押し★餃子入りラーメン,26,地下鉄御堂筋線梅田駅・阪急梅田駅・JR大阪駅より徒歩3分  ,地下鉄梅田駅・阪急梅田駅・JR大阪駅より徒歩3分  ,,,,,https://ippin-bucket-dev.s3-ap-northeast-1.amazonaws.com/TemporaryShops/photo/mobile/l/TempShop_11.jpeg,,月～水、金～日、祝日、祝前日: 11:00～14:0017:00～21:00 （料理L.O. 20:30）,木,28,なし,応相談,なし,なし,なし,なし ：4～30名までご利用可能です。お気軽にお問い合わせください。,なし,なし,利用不可,全面禁煙,貸切不可,,なし ：近隣のコインパーキングをご利用ください。,なし ：お困りごとがございましたらスタッフまでお声がけください。,,,,なし,,なし,不可,なし,なし,不可,お子様連れ歓迎,あり,営業していない,,,,中国料理レストラン 藤田ちゅうごくりょうりれすとらん ふじたチュウゴクリョウリレストラン フジタ大阪府大阪市北区角田町８−２１大阪梅田昔ながらの中華料理 (架空のお店です。実在しません。)中華
TempShop_12,中華バル 河野,,ちゅうかばる こうの,大阪府豊中市本町３−２４−４−B２０１,豊中,0,SS20,関西,SA23,大阪,Z023,大阪,Y360,江坂・西中島・新大阪・十三,XEJY,豊中,34.7899046987,135.4619003992,G013,ラーメン,ラーメン(架空のお店です。実在しません。),G007,中華,B001,1501～2000円,昼700円／夜1000円,,明るい店内 1人でも入りやすい,10,阪急「豊中駅」南改札口から徒歩5分。系列店舗「北のしゃぶしゃぶ」の隣♪,阪急「豊中駅」南改札口から徒歩5分♪,,,,,https://ippin-bucket-dev.s3-ap-northeast-1.amazonaws.com/TemporaryShops/photo/mobile/l/TempShop_12.jpeg,,月～日、祝日、祝前日: 11:45～14:3017:30～翌0:15,元旦はランチのみお休みとなります。,,なし,応相談,なし,なし,なし,なし,なし,なし,利用不可,禁煙席なし,貸切不可,,なし ：目の前にコインPあり★,なし,,,,なし,,なし,不可,あり,なし,不可,お子様連れ歓迎,あり,営業している,,,,中華バル 河野ちゅうかばる こうのチュウカバル コウノ大阪府豊中市本町３−２４−４−B２０１豊中江坂・西中島・新大阪・十三ラーメン(架空のお店です。実在しません。)ラーメン
TempShop_13,中華 久保,,ちゅうか くぼ,大阪府大阪市北区曾根崎新地２−６−１,北新地,1,SS20,関西,SA23,大阪,Z023,大阪,Y300,梅田,X305,北新地,34.6978037716,135.4970182152,G007,中華,中華料理(架空のお店です。実在しません。),G013,ラーメン,B001,1501～2000円,昼630円／夜700円,,4人掛けのテーブル席 奥側はシート席で快適！,134,ＪＲ東西線 北新地駅 徒歩1分地下鉄四つ橋線 西梅田駅 徒歩4分阪神本線 梅田駅 徒歩6分,北新地駅 徒歩1分/西梅田駅 徒歩4分/ 梅田駅 徒歩6分,,,,,https://ippin-bucket-dev.s3-ap-northeast-1.amazonaws.com/TemporaryShops/photo/mobile/l/TempShop_13.jpeg,,月～日、祝日、祝前日: 11:30～14:30 （料理L.O. 14:30）17:30～21:30 （料理L.O. 21:30）,なし,134,あり,応相談,あり,なし ：コースに+1500円で飲み放題が付けられます。,なし,なし,なし,なし,利用不可,全面禁煙,貸切不可,,なし ：お近くの駐車場をご利用ください,なし ：5Fまではエレベータがございます,,,,なし,,なし,不可,なし,なし,不可,お子様連れ歓迎,あり,営業していない,,,,中華 久保ちゅうか くぼチュウカ クボ大阪府大阪市北区曾根崎新地２−６−１北新地梅田中華料理(架空のお店です。実在しません。)中華
TempShop_14,酒家 田中,,しゅか たなか,大阪府大阪市東住吉区針中野３−２１−１２,針中野,1,SS20,関西,SA23,大阪,Z023,大阪,Y327,針中野・長居・西田辺・西成区・住吉,XEL3,針中野,34.6169200288,135.5382231679,G013,ラーメン,中華そば(架空のお店です。実在しません。),G007,中華,B001,1501～2000円,800円,,【飲み会の〆にオススメ】 【醤油ダレ×豚ガラ】,10,近鉄針中野駅より東500m 市バス「湯里二丁目」そば,近鉄針中野駅より東500m 市バス「湯里二丁目」そば,,,,,https://ippin-bucket-dev.s3-ap-northeast-1.amazonaws.com/TemporaryShops/photo/mobile/l/TempShop_14.jpeg,,月～土、祝前日: 20:00～翌2:00,日、祝日,,なし,,なし,なし,なし,なし,なし,なし,利用不可,全面禁煙,貸切不可,,あり,なし,,,,なし,,なし,不可,なし,なし,不可,お子様連れOK,なし,営業している,,,,酒家 田中しゅか たなかシュカ タナカ大阪府大阪市東住吉区針中野３−２１−１２針中野針中野・長居・西田辺・西成区・住吉中華そば(架空のお店です。実在しません。)ラーメン
TempShop_15,中華厨房 金子,,ちゅうかちゅうぼう かねこ,大阪府吹田市津雲台７−５５−２１,山田,1,SS20,関西,SA23,大阪,Z023,大阪,Y360,江坂・西中島・新大阪・十三,XEK8,吹田市その他,34.8057130798,135.505749339,G007,中華,中華　餃子(架空のお店です。実在しません。),G007,中華,B001,1501～2000円,昼900円／夜1100円,,カウンター席でのんびり 子ども用の椅子あり,52,大阪モノレール/阪急山田駅より西600m 阪急バス「千里営業所前」より北80ｍ, 阪急バス「千里営業所前」より北80m,,,,,https://ippin-bucket-dev.s3-ap-northeast-1.amazonaws.com/TemporaryShops/photo/mobile/l/TempShop_15.jpeg,,月～日、祝日、祝前日: 11:00～23:00 （料理L.O. 22:30 ドリンクL.O. 22:30）,１月１日のみ,50,あり,,なし,なし,あり,なし,なし,なし,利用不可,全面禁煙,貸切不可,,あり,なし,カウンター席,,,なし,,なし,不可,なし,なし,不可,お子様連れ歓迎,あり,営業している,,,,中華厨房 金子ちゅうかちゅうぼう かねこチュウカチュウボウ カネコ大阪府吹田市津雲台７−５５−２１山田江坂・西中島・新大阪・十三中華　餃子(架空のお店です。実在しません。)中華
TempShop_16,チャイニーズレストラン 近藤,,ちゃいにーずれすとらん こんどう,大阪府大阪市港区築港３−１−３,大阪港,1,SS20,関西,SA23,大阪,Z023,大阪,Y866,九条・西九条・弁天町・大正・住之江,XEKN,天保山,34.6540980855,135.4324089773,G007,中華,中華料理(架空のお店です。実在しません。),G007,中華,B001,1501～2000円,昼750円／夜1000円,,ボリューム満点 メニューが豊富,30,大阪メトロ中央線大阪港駅１出口より徒歩約2分,大阪メトロ中央線大阪港駅1出口より徒歩約2分,,,,,https://ippin-bucket-dev.s3-ap-northeast-1.amazonaws.com/TemporaryShops/photo/mobile/l/TempShop_16.jpeg,,月～日、祝日、祝前日: 11:00～14:3017:00～23:30,年中無休,36,なし,,あり,あり,なし,なし,なし,なし,利用不可,一部禁煙,貸切不可 ：応相談,,あり ：無料２台、近隣に提携コインパークあり,なし ：車椅子のまま着席可,カウンター席あり,,,なし,,なし,不可,なし,なし,不可,お子様連れ歓迎,あり,営業していない,,,,チャイニーズレストラン 近藤ちゃいにーずれすとらん こんどうチャイニーズレストラン コンドウ大阪府大阪市港区築港３−１−３大阪港九条・西九条・弁天町・大正・住之江中華料理(架空のお店です。実在しません。)中華
TempShop_17,中国料理 内田,,ちゅうごくろうり うちだ,大阪府高槻市城北町１−２３−１３,高槻市,0,SS20,関西,SA23,大阪,Z023,大阪,Y355,高槻,X411,高槻駅,34.8479645807,135.6220996139,G007,中華,中華レストラン(架空のお店です。実在しません。),G007,中華,B001,1501～2000円,800円(通常平均) ,お通し代：なし,こだわり餃子220円(税抜) 名物！焼めし400円(税抜),100,阪急京都本線高槻市駅７出口より徒歩約4分/ＪＲ東海道本線高槻駅南口より徒歩約12分,阪急京都本線高槻市駅7出口より徒歩約4分,,,,,https://ippin-bucket-dev.s3-ap-northeast-1.amazonaws.com/TemporaryShops/photo/mobile/l/TempShop_17.jpeg,,月～日、祝日、祝前日: 11:15～22:00 （料理L.O. 21:30 ドリンクL.O. 21:30）,なし,,なし,,なし,なし,なし,なし,なし,なし,利用不可,全面禁煙,貸切不可,,なし ：近隣に有料P有,あり,,,,なし,,なし,不可,なし,なし,不可,お子様連れOK,あり,営業していない,,,,中国料理 内田ちゅうごくろうり うちだチュウゴクロウリ ウチダ大阪府高槻市城北町１−２３−１３高槻市高槻中華レストラン(架空のお店です。実在しません。)中華
TempShop_18,中国料理レストラン 柴田,,ちゅうごくりょうりれすとらん しばた,大阪府大阪市福島区福島７−２−２,福島,0,SS20,関西,SA23,大阪,Z023,大阪,Y301,福島・野田,X325,福島・新福島,34.6957370379,135.4839355452,G013,ラーメン,中華(架空のお店です。実在しません。),G009,アジア・エスニック料理,B001,1501～2000円,昼750円／夜850円,,ひとりで気軽に食事 広々ときれいな店内,65,ＪＲ大阪環状線「福島駅」より徒歩3分、ＪＲ東西線「新福島駅」より徒歩5分、阪神本線「福島駅」より徒歩5分 ,JR各線福島駅徒歩3分、JR東西線新福島駅徒歩5分,,,,,https://ippin-bucket-dev.s3-ap-northeast-1.amazonaws.com/TemporaryShops/photo/mobile/l/TempShop_18.jpeg,,月～日、祝日、祝前日: 11:00～翌0:00 （料理L.O. 23:30 ドリンクL.O. 23:30）,無休※元旦のみ休み,,あり,,なし,なし,なし,なし,なし,なし,利用不可,全面禁煙,貸切不可,,なし ：近隣にコインパーキングはございます。,なし ：申し訳ございません。ご用意がありません。,,,,なし,,なし,不可,なし,なし,可,お子様連れ歓迎,あり,営業している,,,,中国料理レストラン 柴田ちゅうごくりょうりれすとらん しばたチュウゴクリョウリレストラン シバタ大阪府大阪市福島区福島７−２−２福島福島・野田中華(架空のお店です。実在しません。)ラーメン
TempShop_19,中華バル 西村,,ちゅうかばる にしむら,大阪府箕面市百楽荘３−８−１,牧落,0,SS20,関西,SA23,大阪,Z023,大阪,Y998,箕面・池田,XEKI,桜井駅,34.8180638219,135.4666081942,G007,中華,中華レストラン(架空のお店です。実在しません。),G007,中華,B001,1501～2000円,800円(通常平均) ,お通し代：なし,こだわり餃子220円(税抜) 名物！焼めし400円(税抜),78,阪急箕面線桜井駅出口より徒歩約9分,桜井駅出口より徒歩約9分,,,,,https://ippin-bucket-dev.s3-ap-northeast-1.amazonaws.com/TemporaryShops/photo/mobile/l/TempShop_19.jpeg,,月～日、祝日、祝前日: 11:15～15:30 （料理L.O. 15:00 ドリンクL.O. 15:00）17:00～22:00 （料理L.O. 21:30 ドリンクL.O. 21:30）,なし,,なし,,なし,なし,なし,なし,なし,なし,利用不可,全面禁煙,貸切不可,,あり,なし,,,,なし,,なし,不可,なし,なし,不可,お子様連れOK,あり,営業していない,,,,中華バル 西村ちゅうかばる にしむらチュウカバル ニシムラ大阪府箕面市百楽荘３−８−１牧落箕面・池田中華レストラン(架空のお店です。実在しません。)中華
TempShop_20,中華 小野,,ちゅうか おの,大阪府大阪市東成区東小橋１−１−２１,玉造,0,SS20,関西,SA23,大阪,Z023,大阪,Y326,上本町・鶴橋,XEJ2,玉造,34.6705157999,135.5346541686,G013,ラーメン,ラーメン　まぜそば　餃子　中華　新天地　(架空のお店です。実在しません。),G007,中華,B010,501～1000円,昼1000円／夜1000円,当店は券売機制となっております。,究極の特濃鶏白湯ラーメン カウンター席あり,13,玉造駅から徒歩6分,玉造駅から徒歩6分,,,,,https://ippin-bucket-dev.s3-ap-northeast-1.amazonaws.com/TemporaryShops/photo/mobile/l/TempShop_20.jpeg,,月～木: 11:00～翌2:00 （料理L.O. 翌1:30 ドリンクL.O. 翌1:30）金、土、祝前日: 11:00～翌4:00 （料理L.O. 翌3:30 ドリンクL.O. 翌3:30）日、祝日: 11:00～翌0:00 （料理L.O. 23:30 ドリンクL.O. 23:30）,※年末年始、連休時は店舗にお問合せください,,あり,,あり,なし,なし,なし,なし,なし,利用不可,全面禁煙,貸切不可,,なし ：近くに有料パーキングあり。,なし ：バリアフリーのご用意はございません。お手伝いいたしますので、お気軽にご相談ください☆,,,,なし,,なし,不可,なし,あり,不可,お子様連れOK,あり,営業していない,,,,中華 小野ちゅうか おのチュウカ オノ大阪府大阪市東成区東小橋１−１−２１玉造上本町・鶴橋ラーメン　まぜそば　餃子　中華　新天地　(架空のお店です。実在しません。)ラーメン
TempShop_21,酒家 内田,,しゅか うちだ,大阪府大阪市北区大深町３−１１,大阪,0,SS20,関西,SA23,大阪,Z023,大阪,Y300,梅田,XEMB,グランフロント・大阪駅北側,34.704328256,135.494804022,G007,中華,中華ダイニング(架空のお店です。実在しません。),G007,中華,B002,2001～3000円,2500円（通常）/3500円（宴会）/800円（ランチ）,,人気の一品 定番の中華料理,46,JR大阪駅徒歩1分阪急梅田駅徒歩3分地下鉄御堂筋線梅田駅 北口徒歩3分,JR大阪駅より徒歩1分 グランフロント南館7F,,,,,https://ippin-bucket-dev.s3-ap-northeast-1.amazonaws.com/TemporaryShops/photo/mobile/l/TempShop_21.jpeg,,月～日、祝日、祝前日: 11:30～14:00 （料理L.O. 14:00）17:30～21:00 （料理L.O. 21:00）,基本第1、第3月曜日定休日　月によって変動あり,80,なし,,なし,あり,なし ：【イベント時には食べ放題あり】,なし,なし,なし,利用可,全面禁煙,貸切不可,,あり ：地下に有料駐車場がございます,なし ：グランフロント内のエレベーターをご利用下さい,,,,なし,,なし,不可,なし,なし,不可,お子様連れOK,あり,営業していない,,,,酒家 内田しゅか うちだシュカ ウチダ大阪府大阪市北区大深町３−１１大阪梅田中華ダイニング(架空のお店です。実在しません。)中華
TempShop_22,中華厨房 谷口,,ちゅうかちゅうぼう たにぐち,大阪府大阪市阿倍野区阿倍野筋１−５−１,天王寺,1,SS20,関西,SA23,大阪,Z023,大阪,Y325,天王寺,X385,天王寺駅,34.6450964886,135.5115292799,G007,中華,ボリューム満点の本格中華料理！宴会にも♪(架空のお店です。実在しません。),G013,ラーメン,B001,1501～2000円,1000円,平日ランチ限定！日替わりに杏仁豆腐ｏｒコーヒー付きます。,1名からでもOK ゆっくり家族でお食事,55,ＪＲ天王寺駅徒歩１分　あべのキューズモール4F,JR天王寺駅徒歩1分 あべのキューズモール4F,,,,,https://ippin-bucket-dev.s3-ap-northeast-1.amazonaws.com/TemporaryShops/photo/mobile/l/TempShop_22.jpeg,,月～日、祝日、祝前日: 11:30～14:30 （料理L.O. 14:10 ドリンクL.O. 14:10）17:30～22:30 （料理L.O. 22:10 ドリンクL.O. 22:10）,なし,25,あり,ご相談ください。,あり,あり ：飲み放題１５００円で付けられます。,なし ：コース、単品料理のご用意です。,なし ：座敷席ご案内できます。お気軽にお声掛け下さい。,なし ：座敷席で、ゆっくりおくつろぎください。,あり ：4名×3/6名×4　２つのタイプがございます。座椅子ご用意できます。,利用可,全面禁煙,貸切不可 ：あらかじめご了承ください。,,あり ：キューズモールにて、お買い上げ金額に応じて駐車場サービスがございます。 ,なし ：何かご要望などございましたら、お店までお気軽にお問い合わせ下さいませ。,音響設備あります。,,,なし,,なし,不可,なし,なし,不可,お子様連れ歓迎 ：座敷席でゆっくりと♪お子様食器、お子様イスございます。,あり,営業していない,会社宴会や家族の会食に人気のお店です。コース3000円からご用意あります。,,,中華厨房 谷口ちゅうかちゅうぼう たにぐちチュウカチュウボウ タニグチ大阪府大阪市阿倍野区阿倍野筋１−５−１天王寺天王寺ボリューム満点の本格中華料理！宴会にも♪(架空のお店です。実在しません。)中華
TempShop_23,チャイニーズレストラン 上野,,ちゃいにーずれすとらん うえの,大阪府高石市西取石５−８−１２,富木,1,SS20,関西,SA23,大阪,Z023,大阪,Y350,堺・高石市・和泉市,XEJR,高石市,34.517503898,135.4451541173,G007,中華,中華レストラン(架空のお店です。実在しません。),G007,中華,B001,1501～2000円,800円(通常平均) ,お通し代：なし,こだわり餃子220円(税抜) 名物！焼めし400円(税抜),91,(電車)JR紀勢本線富木駅より車で5分以内/(お車)堺泉北有料道路取石ICより堺市街方面へ1km程度 ,(電車)JR紀勢本線富木駅より車で5分以内,,,,,https://ippin-bucket-dev.s3-ap-northeast-1.amazonaws.com/TemporaryShops/photo/mobile/l/TempShop_23.jpeg,,月～日、祝前日: 11:00～22:00,祝日,,なし,,なし,なし,なし,なし,なし,なし,利用不可,全面禁煙,貸切不可,,あり,なし,,,,なし,,なし,不可,なし,なし,不可,お子様連れOK,あり,営業していない,,,,チャイニーズレストラン 上野ちゃいにーずれすとらん うえのチャイニーズレストラン ウエノ大阪府高石市西取石５−８−１２富木堺・高石市・和泉市中華レストラン(架空のお店です。実在しません。)中華
TempShop_24,中国料理 高橋,,ちゅうごくろうり たかはし,大阪府大阪市淀川区塚本１−１７−１３,塚本,0,SS20,関西,SA23,大阪,Z023,大阪,Y360,江坂・西中島・新大阪・十三,XEK9,塚本,34.7130263965,135.469167646,G007,中華,中華レストラン(架空のお店です。実在しません。),G007,中華,B001,1501～2000円,800円(通常平均) ,お通し代：なし,こだわり餃子220円(税抜) 名物！焼めし400円(税抜),97,JR塚本駅東口から徒歩1分,JR塚本駅東口から徒歩1分,,,,,https://ippin-bucket-dev.s3-ap-northeast-1.amazonaws.com/TemporaryShops/photo/mobile/l/TempShop_24.jpeg,,月～日: 11:00～21:30,祝日、祝前日,,なし,,なし,なし,なし,なし,なし,なし,利用不可,禁煙席なし,貸切不可,,なし ：当店にはご用意がございません。,なし ：ご協力できることはさせて頂きます。,,,,なし,,なし,不可,なし,なし,不可,お子様連れOK,あり,営業していない,,,,中国料理 高橋ちゅうごくろうり たかはしチュウゴクロウリ タカハシ大阪府大阪市淀川区塚本１−１７−１３塚本江坂・西中島・新大阪・十三中華レストラン(架空のお店です。実在しません。)中華
TempShop_25,中国料理レストラン 山下,,ちゅうごくりょうりれすとらん やました,大阪府大阪市平野区加美西１−５−２７,加美,1,SS20,関西,SA23,大阪,Z023,大阪,Y361,東大阪市・八尾市・平野・大東市,XEKU,平野区,34.6252270918,135.5601679073,G013,ラーメン,駅すぐ♪中華＆ラーメンが美味なお店!(架空のお店です。実在しません。),G007,中華,B011,1001～1500円,1000円,,セットメニュー多数ご用意 アットホームな店内◎,20,JR関西本線加美駅出口またはJRおおさか東線新加美駅出口より徒歩約15分⇒国道25号線沿いパチンコブンエイ様と同敷地内,加美駅または新加美駅より徒歩約10分/車で約5分,,,,,https://ippin-bucket-dev.s3-ap-northeast-1.amazonaws.com/TemporaryShops/photo/mobile/l/TempShop_25.jpeg,,月～土、祝日、祝前日: 11:00～14:00 （料理L.O. 14:00 ドリンクL.O. 14:00）17:30～22:00 （料理L.O. 21:30 ドリンクL.O. 21:30）,日,,未確認,,あり,なし,なし,なし,なし,なし,利用不可,禁煙席なし,貸切可,,あり ：共有駐車場約100台あり！,なし ：車いす・ベビーカーでの入店は可能ですのでお気軽にお立ち寄りください。,,,,なし,,なし,不可,なし,なし,不可,お子様連れ歓迎,なし,営業していない,,,,中国料理レストラン 山下ちゅうごくりょうりれすとらん やましたチュウゴクリョウリレストラン ヤマシタ大阪府大阪市平野区加美西１−５−２７加美東大阪市・八尾市・平野・大東市駅すぐ♪中華＆ラーメンが美味なお店!(架空のお店です。実在しません。)ラーメン
TempShop_26,中華バル 竹内,,ちゅうかばる たけうち,大阪府堺市中区東山４３６,深井,0,SS20,関西,SA23,大阪,Z023,大阪,Y350,堺・高石市・和泉市,X403,深井,34.5208406125,135.5120570307,G007,中華,中華料理店(架空のお店です。実在しません。),G007,中華,B005,7001～10000円,3000円,,赤いテーブルクロス 明るい店内,80,泉北高速鉄道深井駅から南海バス高山徒歩1分,泉北高速鉄道深井駅から南海バス高山徒歩1分,,,,,https://ippin-bucket-dev.s3-ap-northeast-1.amazonaws.com/TemporaryShops/photo/mobile/l/TempShop_26.jpeg,,火～日、祝日、祝前日: 11:30～13:3017:30～22:00,月,80,なし,応相談,あり,あり,なし,なし,なし,なし,利用不可,全面禁煙,貸切不可,,あり ：共用駐車場約50台駐車可能です。,あり,,,,なし,,なし,不可,なし,なし,不可,お子様連れOK,あり,営業していない,,,,中華バル 竹内ちゅうかばる たけうちチュウカバル タケウチ大阪府堺市中区東山４３６深井堺・高石市・和泉市中華料理店(架空のお店です。実在しません。)中華
TempShop_27,中華 井上,,ちゅうか いのうえ,大阪府大阪市東淀川区豊新１−５−１７,上新庄,1,SS20,関西,SA23,大阪,Z023,大阪,Y360,江坂・西中島・新大阪・十三,XEK0,上新庄,34.7413660459,135.53340132,G007,中華,中華料理(架空のお店です。実在しません。),G009,アジア・エスニック料理,B001,1501～2000円,昼630円／夜800円,,家族団らん 窓側の席,54,阪急上新庄駅より南800m 市バス「東淀川警察署」そば,阪急上新庄駅より南800m 市バス「東淀川警察署」そば,,,,,https://ippin-bucket-dev.s3-ap-northeast-1.amazonaws.com/TemporaryShops/photo/mobile/l/TempShop_27.jpeg,,月、水～日、祝日、祝前日: 11:30～14:3017:30～22:00火: 11:30～14:30,混雑具合によって火曜日を1日お休みさせていただくことがございますのでお問い合わせください。,54,あり,応相談,あり,あり,なし,なし ：8～20人,なし,なし,利用不可,全面禁煙,貸切不可 ：30人～大型宴会などお気軽にご相談下さい,,あり,なし,,,,なし,,なし,不可,なし,なし,不可,お子様連れ歓迎,あり,営業している,,,,中華 井上ちゅうか いのうえチュウカ イノウエ大阪府大阪市東淀川区豊新１−５−１７上新庄江坂・西中島・新大阪・十三中華料理(架空のお店です。実在しません。)中華
TempShop_28,中華厨房 安藤,,ちゅうかちゅうぼう あんどう,大阪府東大阪市菱屋東１丁目１ー１７,若江岩田,0,SS20,関西,SA23,大阪,Z023,大阪,Y361,東大阪市・八尾市・平野・大東市,XELO,東大阪,34.6668673876,135.6093632943,G007,中華,中華(架空のお店です。実在しません。),G007,中華,B001,1501～2000円,昼1000円／夜2000円,,気軽に利用できる 豊富なセットメニュー,55,近鉄「若江岩田駅」から徒歩5分【駐車場完備★店前に2台】,近鉄「若江岩田駅」徒歩5分【駐車場完備★店前2台】,,,,,https://ippin-bucket-dev.s3-ap-northeast-1.amazonaws.com/TemporaryShops/photo/mobile/l/TempShop_28.jpeg,,月～日、祝日、祝前日: 11:00～22:30 （料理L.O. 22:00）,なし,,なし,,なし,なし,なし,なし,なし,なし,利用不可,禁煙席なし,貸切不可,,あり ：店の前に2台完備★,なし,,,,なし,,なし,不可,なし,なし,不可,お子様連れ歓迎,あり,営業している,,,,中華厨房 安藤ちゅうかちゅうぼう あんどうチュウカチュウボウ アンドウ大阪府東大阪市菱屋東１丁目１ー１７若江岩田東大阪市・八尾市・平野・大東市中華(架空のお店です。実在しません。)中華
TempShop_29,チャイニーズレストラン 藤本,,ちゃいにーずれすとらん ふじもと,大阪府大阪市北区大深町４−１,大阪,0,SS20,関西,SA23,大阪,Z023,大阪,Y300,梅田,XEMB,グランフロント・大阪駅北側,34.705375909,135.4945609523,G007,中華,中華レストラン(架空のお店です。実在しません。),G007,中華,B001,1501～2000円,800円(通常平均) ,お通し代：なし,こだわり餃子220円(税抜) 名物！焼めし400円(税抜),102,【グランフロント北館６Ｆ】ＪＲ 大阪駅 徒歩1分、阪急線 梅田駅 徒歩3分、地下鉄御堂筋線 梅田駅 北口 徒歩3分 ,"JR大阪駅徒歩1分,阪急線,御堂筋線 梅田駅徒歩3分",,,,,https://ippin-bucket-dev.s3-ap-northeast-1.amazonaws.com/TemporaryShops/photo/mobile/l/TempShop_29.jpeg,,月～日、祝日、祝前日: 11:15～22:00 （料理L.O. 21:30 ドリンクL.O. 21:30）,なし,,なし,,なし,なし,なし,なし,なし,なし,利用不可,全面禁煙,貸切不可,,なし ：近隣のコインパーキングをご利用下さい。,なし ：スタッフ一同全力でサポートさせていただきます。,,,,なし,,なし,不可,なし,なし,不可,お子様連れOK,あり,営業していない,,,,チャイニーズレストラン 藤本ちゃいにーずれすとらん ふじもとチャイニーズレストラン フジモト大阪府大阪市北区大深町４−１大阪梅田中華レストラン(架空のお店です。実在しません。)中華
TempShop_30,中国料理 大塚,,ちゅうごくろうり おおつか,大阪府豊中市新千里東町１−２−４,千里中央,1,SS20,関西,SA23,大阪,Z023,大阪,Y360,江坂・西中島・新大阪・十三,X425,千里中央,34.8080189389,135.4942197187,G007,中華,中華料理(架空のお店です。実在しません。),G007,中華,B001,1501～2000円,昼800円／夜1000円,,1人でも気軽に モットーを胸に,60,北大阪急行線、大阪モノレール 千里中央駅 徒歩3分 歓送迎会や各種宴会ご予約承り中！,北大阪急行線、大阪モノレール「千里中央駅」徒歩3分,,,,,https://ippin-bucket-dev.s3-ap-northeast-1.amazonaws.com/TemporaryShops/photo/mobile/l/TempShop_30.jpeg,,月～日、祝日、祝前日: 11:00～23:00 （料理L.O. 22:30）,元日のみ定休日,60,あり,応相談,なし,なし,なし,なし,なし,なし,利用不可,全面禁煙,貸切不可,,"あり ：共有有料149台 (税込3,000円以上のお会計で、イオンSENRITO駐車場1時間無料サービス券をお渡しします。)",あり ：車いすで入店可。※詳細はお店にお問い合わせ下さい。,ベビーチェア,,,なし,,なし,不可,なし,あり,不可,お子様連れ歓迎,あり,営業していない,,,,中国料理 大塚ちゅうごくろうり おおつかチュウゴクロウリ オオツカ大阪府豊中市新千里東町１−２−４千里中央江坂・西中島・新大阪・十三中華料理(架空のお店です。実在しません。)中華
TempShop_31,中国料理レストラン 増田,,ちゅうごくりょうりれすとらん ますだ,東京都千代田区九段南３−７−１１,市ケ谷,0,SS10,関東,SA11,東京,Z011,東京,Y013,四ツ谷・麹町・市ヶ谷・九段下,X074,市ヶ谷,35.6917194633,139.7389734047,G007,中華,中華　四川料理　ランチ　ディナー　宴会(架空のお店です。実在しません。),G007,中華,B003,3001～4000円,ランチ880円/ディナー3500円/宴会4500円,お問い合わせください。,本場の味を再現 ◆コロナ対策実施店舗,54,JR市ヶ谷駅　徒歩3分/地下鉄＆都営市ヶ谷駅　徒歩1分,JR市ヶ谷駅 徒歩3分/地下鉄&都営市ヶ谷駅 徒歩1分,,,,,https://ippin-bucket-dev.s3-ap-northeast-1.amazonaws.com/TemporaryShops/photo/mobile/l/TempShop_31.jpeg,,月、水～日、祝日、祝前日: 11:30～14:30 （料理L.O. 14:00 ドリンクL.O. 14:00）17:30～22:30 （料理L.O. 22:00 ドリンクL.O. 22:00）,火,65,未確認,お問合せ下さい,あり,あり ：コース、セレクトプランにてご用意しております。,なし,あり ：丸テーブルの個室をご用意,なし ：ございません。,なし ：ございません。,利用可,全面禁煙,貸切可 ：45から65名※詳しくはお問い合わせください。,,なし ：近隣にコインパーキングがございます♪,なし,中国語メニューあり/中国語を話せるスタッフがいます★,,,なし,,なし,不可,あり,なし,不可,お子様連れ歓迎,あり,営業していない,詳しくはお問い合わせください。,,,中国料理レストラン 増田ちゅうごくりょうりれすとらん ますだチュウゴクリョウリレストラン マスダ東京都千代田区九段南３−７−１１市ケ谷四ツ谷・麹町・市ヶ谷・九段下中華　四川料理　ランチ　ディナー　宴会(架空のお店です。実在しません。)中華
TempShop_32,中華バル 西村,,ちゅうかばる にしむら,東京都渋谷区恵比寿１丁目１４−２１,恵比寿,0,SS10,関東,SA11,東京,Z011,東京,Y040,恵比寿・中目黒・代官山・広尾,X115,恵比寿,35.6458539973,139.7154044692,G001,居酒屋,串焼と創作中華料理のお店★旨い！安い！　(架空のお店です。実在しません。),G004,和食,B003,3001～4000円,単品飲み放題980円～　飲み放題付き宴会コース3000円～,お通し代380円（コース※食事は除く）,【コロナ対策実施店舗】 飲放付きコース3500円～♪,88,恵比寿駅徒歩5分！,恵比寿駅徒歩5分!,,,,,https://ippin-bucket-dev.s3-ap-northeast-1.amazonaws.com/TemporaryShops/photo/mobile/l/TempShop_32.jpeg,,月～日、祝日、祝前日: 11:00～15:00 （料理L.O. 14:30 ドリンクL.O. 14:30）16:00～23:00 （料理L.O. 22:30 ドリンクL.O. 22:30）,不定休,80,あり,結婚式二次会、宴会、歓迎会、送別会、同窓会、接待など各種宴会もご相談ください,あり,あり ：単品飲み放980円からご用意しております。,あり ：しゃぶしゃぶ鍋　飲茶　など食べ飲み放題プランご用意しております。,あり ：最大１２名様用完全個室ございます,あり ：2名様～12様迄OK,あり ：堀こたつ座敷ございます,利用可,全面禁煙,貸切可 ：最大80名様貸切可能,,なし,なし,HDMI端末、マイク、貸切,,,なし,,なし,不可,なし,あり,可,お子様連れ歓迎 ：ご家族でゆったりお楽しみ頂けるソファ席も用意しております。全面禁煙ですので、安心してお食事できます。,あり,営業していない,,,,中華バル 西村ちゅうかばる にしむらチュウカバル ニシムラ東京都渋谷区恵比寿１丁目１４−２１恵比寿恵比寿・中目黒・代官山・広尾串焼と創作中華料理のお店★旨い！安い！　(架空のお店です。実在しません。)居酒屋
TempShop_33,中華 石井,,ちゅうか いしい,東京都千代田区九段南３−３−１,市ケ谷,0,SS10,関東,SA11,東京,Z011,東京,Y013,四ツ谷・麹町・市ヶ谷・九段下,X074,市ヶ谷,35.6919722739,139.7412676441,G007,中華,本格中華を気軽にリーズナブルに楽しむお店(架空のお店です。実在しません。),G001,居酒屋,B002,2001～3000円,ランチ950円　/ディナー3000円,,[コロナ対策実施店舗] 飲み放題付コース3500円,42,JR市ヶ谷駅　徒歩5分／地下鉄有楽町線市ヶ谷駅　徒歩5分／地下鉄都営新宿線市ヶ谷駅　徒歩3分　,JR市ヶ谷駅 徒歩5分/地下鉄有楽町線 市ヶ谷駅徒歩5分,,,,,https://ippin-bucket-dev.s3-ap-northeast-1.amazonaws.com/TemporaryShops/photo/mobile/l/TempShop_33.jpeg,,月～金、祝前日: 11:00～15:0017:00～22:00 （料理L.O. 21:00 ドリンクL.O. 21:00）土、日、祝日: 11:00～15:3017:00～22:00 （料理L.O. 21:00 ドリンクL.O. 21:00）,毎日営業しております！！,42,あり,,あり,あり,あり,なし,なし,なし,利用可,全面禁煙,貸切不可,,なし ：近隣にコインパーキングがございます。,なし ：お店にご相談下さい。,,,,なし,,なし,不可,なし,あり,不可,お子様連れ歓迎,あり,営業していない,,,,中華 石井ちゅうか いしいチュウカ イシイ東京都千代田区九段南３−３−１市ケ谷四ツ谷・麹町・市ヶ谷・九段下本格中華を気軽にリーズナブルに楽しむお店(架空のお店です。実在しません。)中華
TempShop_34,中国料理 青木,,ちゅうごくろうり あおき,東京都荒川区西尾久７丁目３７ー１,荒川車庫前,0,SS10,関東,SA11,東京,Z011,東京,Y016,北千住・日暮里・葛飾・荒川,XA4Q,荒川区その他,35.7511453288,139.7515874413,G007,中華,くつろぎ空間で楽しめる体に優しい中華料理(架空のお店です。実在しません。),G003,創作料理,B003,3001～4000円,3800円,お通し代330円(税込み）頂いております,個別盛りコースございます 広めのお席をご案内★,50,荒川車庫前駅から107m,荒川車庫前駅から107m,,,,,https://ippin-bucket-dev.s3-ap-northeast-1.amazonaws.com/TemporaryShops/photo/mobile/l/TempShop_34.jpeg,,月～日、祝日、祝前日: 17:00～23:00 （料理L.O. 22:00 ドリンクL.O. 22:00）,不定休（主に日・月・祝）,50,あり,歓迎！テラスを使ったお洒落なウェディング・二次会はいかがですか？プラン3500円～,あり,あり ：2000円／120分、1500円/90分,あり,あり ：半個室のソファー席×４,なし ：掘り炬燵はございません,なし ：お座敷はございません,利用可,全面禁煙,貸切可 ：テラススペースの貸切は20名様～、店内貸切は40名様～,,なし,なし,ご不明点はお気軽にご相談ください。,,,あり,,なし,不可,なし,あり,可,お子様連れOK ：お子様連れもどうぞ,なし,営業していない,当日にキャンセルされた場合、ドリンク飲み放題以外のお料理代、全額頂きます。ご了承くださいませ。,,,中国料理 青木ちゅうごくろうり あおきチュウゴクロウリ アオキ東京都荒川区西尾久７丁目３７ー１荒川車庫前北千住・日暮里・葛飾・荒川くつろぎ空間で楽しめる体に優しい中華料理(架空のお店です。実在しません。)中華
TempShop_35,中国料理レストラン 上田,,ちゅうごくりょうりれすとらん うえだ,東京都江東区東陽５−３−１,東陽町,1,SS10,関東,SA11,東京,Z011,東京,Y018,門前仲町・東陽町・木場・葛西,X199,東陽町,35.6743762439,139.8156009279,G007,中華,個室×ランチ×中華(架空のお店です。実在しません。),G001,居酒屋,B002,2001～3000円,昼1000円/夜2500円　【全席個室あり】,飲み放題付コースがお得です！ご不明な点はお問合せください！,ちょっと贅沢なランチに♪ 個室だから安心安全,171,東京メトロ東陽町駅徒歩13分,東京メトロ東陽町駅徒歩13分,,,,,https://ippin-bucket-dev.s3-ap-northeast-1.amazonaws.com/TemporaryShops/photo/mobile/l/TempShop_35.jpeg,,月～日、祝日、祝前日: 11:00～15:00 （料理L.O. 14:30 ドリンクL.O. 14:30）17:00～22:00 （料理L.O. 21:30 ドリンクL.O. 21:30）,第1、第3、第5の木曜日はディナーはお休み致します。祝日の場合はお電話でのご確認願います。,70,なし,ご相談ください。,あり,あり ：コースに＋1500円(税抜)／＋2000円(税抜)で120分飲み放題付に,なし ：食べ放題はございませんが、ボリュームあるコースをご用意しております。,あり ：2名～最大70名様迄個室ご用意しております。,あり ：1F：掘り炬燵席ご用意しております。,あり ：2F：お座敷ご用意しております。,利用可,全面禁煙,貸切可 ：各フロア貸切OK！詳細はお気軽に店舗までご相談ください。,,あり ：800台(共有),あり,飲み放題付コースご用意しております。大人数のご予約承ります。,,,なし,,なし,不可,あり,なし,不可,お子様連れ歓迎 ：【個室◎】ファミリー大歓迎。,あり,営業していない,各種ご宴会に飲み放題付コース3500円(税抜)～ご用意。,,,中国料理レストラン 上田ちゅうごくりょうりれすとらん うえだチュウゴクリョウリレストラン ウエダ東京都江東区東陽５−３−１東陽町門前仲町・東陽町・木場・葛西個室×ランチ×中華(架空のお店です。実在しません。)中華
TempShop_36,中華バル 藤井,,ちゅうかばる ふじい,東京都昭島市昭和町１−１−１１,昭島,0,SS10,関東,SA11,東京,Z011,東京,Y089,青梅・昭島・小作・青梅線沿線,XA7H,昭島,35.712721502,139.3617666337,G007,中華,駅近のオシャレな店内で本格中華を楽しむ◎(架空のお店です。実在しません。),G005,洋食,B001,1501～2000円,ランチ：800円　通常：1750円　宴会：3500円,チャージ料やお通し代等はございません。,カジュアル中華を手頃に♪ お会計から10％OFFでお得,24,昭島駅より徒歩3分,昭島駅より徒歩3分,,,,,https://ippin-bucket-dev.s3-ap-northeast-1.amazonaws.com/TemporaryShops/photo/mobile/l/TempShop_36.jpeg,,月、火、木～日、祝日、祝前日: 11:00～14:00 （料理L.O. 13:30 ドリンクL.O. 13:30）17:30～21:00 （料理L.O. 20:30 ドリンクL.O. 20:00）,水,26,なし,★ご宴会も大歓迎★お気軽にお問い合わせください。,あり,あり ：コースご予約のお客様のみ承ります！,なし,なし,なし,なし,利用可,全面禁煙,貸切可,,なし ：お近くのコインパーキングをお使いください。,なし,,,,なし,,なし,不可,なし,なし,不可,お子様連れOK,あり,営業していない,ケーキの持ち込みは可能です◎お気軽にご相談ください。,,,中華バル 藤井ちゅうかばる ふじいチュウカバル フジイ東京都昭島市昭和町１−１−１１昭島青梅・昭島・小作・青梅線沿線駅近のオシャレな店内で本格中華を楽しむ◎(架空のお店です。実在しません。)中華
TempShop_37,中華 坂本,,ちゅうか さかもと,東京都世田谷区太子堂１−２６−２７,三軒茶屋,0,SS10,関東,SA11,東京,Z011,東京,Y073,池尻大橋・三軒茶屋・駒沢大学,X137,三軒茶屋,35.64231435,139.6720324626,G007,中華,地域の皆様に愛される本格中華　(架空のお店です。実在しません。),G007,中華,B004,5001～7000円,６０００円～７０００円,,【感染予防対策実施！】 【仲間と楽しめる空間！】,120,三軒茶屋駅徒歩3分（栄通り商店街先：三軒茶屋駅から253m）,三軒茶屋駅徒歩3分(栄通り商店街先),,,,,https://ippin-bucket-dev.s3-ap-northeast-1.amazonaws.com/TemporaryShops/photo/mobile/l/TempShop_37.jpeg,,月、水～日、祝日、祝前日: 11:30～14:30 （料理L.O. 14:00 ドリンクL.O. 14:00）17:00～21:30 （料理L.O. 21:00 ドリンクL.O. 21:00）,火,56,なし,,あり,あり,あり,あり,あり,あり,利用可,全面禁煙,貸切可,,なし ：近隣のコインパーキングをご利用下さい。,あり ：車椅子での入店可、他詳細は店舗までお問合せ下さい。,,,,なし,,なし,不可,なし,なし,不可,お子様連れOK,あり,営業していない,,,,中華 坂本ちゅうか さかもとチュウカ サカモト東京都世田谷区太子堂１−２６−２７三軒茶屋池尻大橋・三軒茶屋・駒沢大学地域の皆様に愛される本格中華　(架空のお店です。実在しません。)中華
TempShop_38,酒家 加藤,,しゅか かとう,東京都江東区富岡１−１５−９,門前仲町,1,SS10,関東,SA11,東京,Z011,東京,Y018,門前仲町・東陽町・木場・葛西,X197,門前仲町,35.6698640965,139.7994305374,G007,中華,プロレスラーも多数来店する中華屋さん☆(架空のお店です。実在しません。),G001,居酒屋,B001,1501～2000円,ランチ平均：750円　通常平均：1800円　宴会平均：3500円,お通し代が頂戴いたしません。店内メニューは税込価格です。,テイクアウトOKです！ ワンコイン丼あり♪,9,地下鉄東西線 門前仲町駅 徒歩4分 ,地下鉄東西線 門前仲町駅 徒歩4分 ,,,,,https://ippin-bucket-dev.s3-ap-northeast-1.amazonaws.com/TemporaryShops/photo/mobile/l/TempShop_38.jpeg,,月～土、祝前日: 11:30～14:00 （料理L.O. 13:30 ドリンクL.O. 13:30）17:30～23:00 （料理L.O. 22:30 ドリンクL.O. 22:30）日、祝日: 11:30～14:00 （料理L.O. 13:30 ドリンクL.O. 13:30）17:30～22:00 （料理L.O. 21:30 ドリンクL.O. 21:30）,3月より第二、第四土、日曜日。日曜日の昼営業はお休みいただきます。臨時休営は随時連絡致します。,19,なし,ご宴会大歓迎☆コースも承っておりますので、お気軽にお問い合わせください。,あり,あり ：コースをご予約のお客様のみご利用いただけます。,なし,なし,なし,なし,利用不可,全面禁煙,貸切可 ：8～19名様まで貸切可能です！立食ならそれ以上でも承りますので、お気軽にお問い合わせください。,,なし ：近隣のコインパーキングをご利用ください,なし ：ご不便な点が御座いましたら、お手伝いいたしますのでお気軽にスタッフまでお声掛けください。,,,,なし,,なし,不可,なし,あり,不可,お子様連れOK ：ランチタイムは禁煙です☆,あり,営業していない,,,,酒家 加藤しゅか かとうシュカ カトウ東京都江東区富岡１−１５−９門前仲町門前仲町・東陽町・木場・葛西プロレスラーも多数来店する中華屋さん☆(架空のお店です。実在しません。)中華
TempShop_39,中華厨房 丸山,,ちゅうかちゅうぼう まるやま,東京都千代田区丸の内１−９−２,東京,0,SS10,関東,SA11,東京,Z011,東京,Y010,東京・大手町・日本橋・人形町,X040,八重洲,35.6802423787,139.7685066349,G007,中華,中華もラーメンも！飲み放題コースもご用意(架空のお店です。実在しません。),G013,ラーメン,B001,1501～2000円,1000,,調味料にも独自の味付け☆ テイクアウトでお弁当☆,33,ＪＲ東京駅改札外地下街・八重洲中央口地下１階 グランルーフフロント内。東京駅から138m,JR東京駅改札外地下街・八重洲中央口から徒歩3分,,,,,https://ippin-bucket-dev.s3-ap-northeast-1.amazonaws.com/TemporaryShops/photo/mobile/l/TempShop_39.jpeg,,月～土、祝日、祝前日: 11:30～14:00 （料理L.O. 14:00 ドリンクL.O. 14:00）17:00～20:00 （料理L.O. 19:30 ドリンクL.O. 19:00）,日,25,あり,,あり,あり,あり,なし,なし,あり,利用不可,全面禁煙,貸切可,,あり ：八重洲地下駐車場、八重洲パーグング東口、西口3000円以上飲食にて2時間まで無料。,なし,,,,なし,,なし,不可,なし,なし,不可,お子様連れOK,なし,営業していない,,,,中華厨房 丸山ちゅうかちゅうぼう まるやまチュウカチュウボウ マルヤマ東京都千代田区丸の内１−９−２東京東京・大手町・日本橋・人形町中華もラーメンも！飲み放題コースもご用意(架空のお店です。実在しません。)中華
TempShop_40,チャイニーズレストラン 金子,,ちゃいにーずれすとらん かねこ,東京都江戸川区中葛西３−２−１１,西葛西,0,SS10,関東,SA11,東京,Z011,東京,Y018,門前仲町・東陽町・木場・葛西,X195,西葛西,35.6642836958,139.8647316099,G007,中華,中華料理(架空のお店です。実在しません。),G007,中華,B001,1501～2000円,昼700円／夜800円,お通し代はありません,一人でも気軽なカウンター 野菜たっぷりのメニュー,60,東西線  西葛西駅  徒歩6分          東西線  葛西駅  徒歩10分,東西線西葛西駅  徒歩6分    東西線葛西駅 徒歩10分,,,,,https://ippin-bucket-dev.s3-ap-northeast-1.amazonaws.com/TemporaryShops/photo/mobile/l/TempShop_40.jpeg,,月～土、祝前日: 11:30～14:30 （料理L.O. 14:00 ドリンクL.O. 14:00）17:30～22:30 （料理L.O. 22:00 ドリンクL.O. 22:00）,日、祝日,60,あり,応相談,あり,あり ：コースのみ,なし,なし,なし,なし,利用不可,全面禁煙,貸切不可,,なし ：近くにコインパーキングございます。,なし ：何かありましたらお問い合わせください。,カウンター有り,,,なし,,なし,不可,なし,なし,不可,お子様連れ歓迎,あり,営業していない,,,,チャイニーズレストラン 金子ちゃいにーずれすとらん かねこチャイニーズレストラン カネコ東京都江戸川区中葛西３−２−１１西葛西門前仲町・東陽町・木場・葛西中華料理(架空のお店です。実在しません。)中華
TempShop_41,中国料理 石田,,ちゅうごくろうり いしだ,東京都中央区日本橋室町１−２−１,三越前,0,SS10,関東,SA11,東京,Z011,東京,Y010,東京・大手町・日本橋・人形町,XA2Q,三越前,35.6870047995,139.7732390167,G007,中華,【コロナ対策◎】アツアツ本格中華★(架空のお店です。実在しません。),G009,アジア・エスニック料理,B002,2001～3000円,3500円,単品でのご注文のみカード利用可。,2時間[食放]&[飲放]4000円 5名様～個室をご用意,50,銀座線・半蔵門線「三越前」駅徒歩1分（A7・A8直結）/総武線「新日本橋」駅徒歩3分/山手線・中央線「神田」駅徒歩7分,三越前 駅徒歩1分/新日本橋駅徒歩3分/神田駅 徒歩7分,,,,,https://ippin-bucket-dev.s3-ap-northeast-1.amazonaws.com/TemporaryShops/photo/mobile/l/TempShop_41.jpeg,,月～土、祝日、祝前日: 18:00～22:00 （料理L.O. 21:30 ドリンクL.O. 21:30）,日,50,未確認,※お気軽にお問い合わせ下さい,あり,あり ：中華店ならではの紹興酒・プアール茶なども飲み放題,あり ：本格中華[食放]＆[飲放]3500円～,あり ：5～22名様迄の円卓個室/少人数から使えるテーブル個室ございます,なし ：堀ごたつはございません。レイアウト等ご相談ください。,なし ：お座敷はございません。レイアウト等ご相談ください。,利用可,全面禁煙,貸切可 ：50～70名様可能です。お気軽にご相談ください,,"あり ：3,000円以上（コレド室町、日本橋三井タワー内の店舗合算）で1時間サービス。",あり,※中華ならではの8名以上でご利用いただける円卓個室がございます。ご予約はお早めに,,,なし,,なし,不可,あり,なし,不可,お子様連れOK ：ご家族でのご利用も歓迎です,なし,営業していない,★キャンセル・人数変更の場合は、お電話にてお問い合わせくださいませ。,,,中国料理 石田ちゅうごくろうり いしだチュウゴクロウリ イシダ東京都中央区日本橋室町１−２−１三越前東京・大手町・日本橋・人形町【コロナ対策◎】アツアツ本格中華★(架空のお店です。実在しません。)中華
TempShop_42,中国料理レストラン 原田,,ちゅうごくりょうりれすとらん はらだ,東京都小平市学園東町３４５ー２,一橋学園,0,SS10,関東,SA11,東京,Z011,東京,Y088,国立・国分寺,XA7S,一橋学園,35.7268032583,139.4878517051,G007,中華,家族全員が喜ぶ「町中華」的台湾料理店(架空のお店です。実在しません。),G002,ダイニングバー・バル,B003,3001～4000円,３５００円,お通し代無,【感染予防対策実施！】 【家族や仲間と集まる店】,28,西武多摩湖線 一橋学園駅より徒歩10分／西武新宿線 小平駅より徒歩10分,西武多摩湖線 一橋学園駅、西武新宿線 小平駅より10分,,,,,https://ippin-bucket-dev.s3-ap-northeast-1.amazonaws.com/TemporaryShops/photo/mobile/l/TempShop_42.jpeg,,火、金、祝日、祝前日: 18:00～22:30 （料理L.O. 21:30 ドリンクL.O. 22:00）水、木: 11:30～14:00 （料理L.O. 13:30 ドリンクL.O. 13:30）18:00～22:30 （料理L.O. 21:30 ドリンクL.O. 21:30）土、日: 11:30～14:00 （料理L.O. 13:30 ドリンクL.O. 13:30）18:00～22:30 （料理L.O. 21:30 ドリンクL.O. 22:00）,月,28,あり,,あり,あり ：5人以上。９０分２５００円（税抜）,なし,なし,なし,なし,利用可,全面禁煙,貸切可,,あり ：駐車場13台／駐輪場10台完備,あり ：なにかございましたら、お気軽にお近くのスタッフまでお声掛け下さい♪,,,,なし,,なし,不可,なし,なし,不可,お子様連れOK,あり,営業していない,,,,中国料理レストラン 原田ちゅうごくりょうりれすとらん はらだチュウゴクリョウリレストラン ハラダ東京都小平市学園東町３４５ー２一橋学園国立・国分寺家族全員が喜ぶ「町中華」的台湾料理店(架空のお店です。実在しません。)中華
TempShop_43,中華バル 伊藤,,ちゅうかばる いとう,東京都八王子市明神町３−１７−１,京王八王子,1,SS10,関東,SA11,東京,Z011,東京,Y110,八王子・立川,X220,八王子,35.6578710888,139.3431751228,G001,居酒屋,居酒屋(架空のお店です。実在しません。),G007,中華,B002,2001～3000円,2600円,ご予算等お気軽にお問い合わせください。,ユニークなインテリア 新鮮な魚介が並ぶ,100,京王八王子駅ビル直結！！京王八王子ショッピングセンター11階です /ＪＲ八王子駅徒歩4分,京王八王子駅ビル内・11階/JR八王子駅徒歩4分,,,,,https://ippin-bucket-dev.s3-ap-northeast-1.amazonaws.com/TemporaryShops/photo/mobile/l/TempShop_43.jpeg,,月、火、木、金、祝日、祝前日: 17:00～翌0:00 （料理L.O. 23:30）土、日: 15:00～翌0:00 （料理L.O. 23:30）,水,45,なし,お気軽にご相談ください。,あり,あり ：飲み放題付きコース：3500円～ご用意致しております。,なし ：ご用意が御座いません。,なし ：ございません。,あり ：宴会にお薦め,なし ：宴会にお薦め,利用不可,全面禁煙,貸切不可 ：応相談,,あり ：京王八王子ショッピングセンター（ｋ−８）専用駐車場をご利用ください。2000円以上のお食事で2時間無料。,あり ：店内にご用意はございませんが、ご不便な点がございましたらスタッフがサポートします！！,ご不明点等お気軽にお問い合わせください。,,,なし,,なし,不可,なし,なし,不可,お子様連れOK ：ご家族でも是非ご利用ください。,なし,営業していない,歓送迎会等、ご予約お待ちしております。,,,中華バル 伊藤ちゅうかばる いとうチュウカバル イトウ東京都八王子市明神町３−１７−１京王八王子八王子・立川居酒屋(架空のお店です。実在しません。)居酒屋
TempShop_44,中国料理 藤原,,ちゅうごくろうり ふじわら,東京都新宿区新宿１−１−７,新宿御苑前,0,SS10,関東,SA11,東京,Z011,東京,Y055,新宿,XA07,新宿御苑,35.6888778684,139.7088971859,G007,中華,創作中華が愉しめるチャイナレストラン(架空のお店です。実在しません。),G007,中華,B003,3001～4000円,3500円,昼宴会コースは2400円～。通常コースは3000円～ご用意しています,夜景が愉しめるバリ風店内 コロナ感染防止対策,70,【新宿御苑前駅】1番出口から徒歩1分/【新宿三丁目駅】C5出口から徒歩3分/【新宿駅】中央東口から徒歩9分,【新宿御苑前駅】1番出口から徒歩1分,,,,,https://ippin-bucket-dev.s3-ap-northeast-1.amazonaws.com/TemporaryShops/photo/mobile/l/TempShop_44.jpeg,,火～日、祝日、祝前日: 11:30～14:30 （料理L.O. 14:00 ドリンクL.O. 14:00）17:30～22:30 （料理L.O. 22:00 ドリンクL.O. 22:00）,月,130,あり,大歓迎です！お気軽にお問合せ下さい。,あり,あり ：コース+1500円で120分♪,なし ：一品一品真心込めてご提供いたします♪,なし ：最大16名様、最大24名様までの２部屋。つなげて最大45名様まで。,なし ：掘りごたつはございませんが、ゆったり座れるテーブル席をご用意しております。,あり ：最大12名様までOK！終日禁煙席となります。,利用可,全面禁煙,貸切可 ：50～80名様。3Fは20～100名様。,,あり ：アパホテル<新宿御苑前>の駐車場を30分/500円でご利用頂けます。,あり ：車椅子のお客様もご利用頂けます。,不明点等、お気軽に店舗へご相談ください。,,,なし,,なし,不可,あり,なし,不可,お子様連れ歓迎 ：お子様連れも歓迎致します。,あり,営業していない,予算、人数、日程など、些細なことでもご相談ください。 不明点等、お気軽に店舗へご相談ください。,,,中国料理 藤原ちゅうごくろうり ふじわらチュウゴクロウリ フジワラ東京都新宿区新宿１−１−７新宿御苑前新宿創作中華が愉しめるチャイナレストラン(架空のお店です。実在しません。)中華
TempShop_45,中国料理レストラン 宮崎,,ちゅうごくりょうりれすとらん みやざき,東京都港区新橋３丁目２４−１,新橋,1,SS10,関東,SA11,東京,Z011,東京,Y005,銀座・有楽町・新橋・築地・月島,X020,新橋,35.6657759064,139.7564315747,G007,中華,テレビでも紹介された人気の中華屋さん♪(架空のお店です。実在しません。),G007,中華,B001,1501～2000円,ランチ平均：700円　通常平均：1000～2000円　宴会平均：3000円,店内表示は、税抜価格です。,食べ飲み放題が3500円！ テイクアウト実施中♪,55,都営浅草線 新橋駅 徒歩2分／ＪＲ 新橋駅 烏森口徒歩2分,新橋駅 烏森口徒歩2分,,,,,https://ippin-bucket-dev.s3-ap-northeast-1.amazonaws.com/TemporaryShops/photo/mobile/l/TempShop_45.jpeg,,月～水、金～日、祝日、祝前日: 11:30～14:00 （料理L.O. 13:45 ドリンクL.O. 13:45）17:30～21:30 （料理L.O. 21:00 ドリンクL.O. 21:00）,木,55,なし,ご宴会大歓迎◎宴会コースや食べ飲み放題プランもご用意しております！,あり,あり ：ご宴会にぴったりのコースご用意！,あり ：食べ飲み放題コースご用意しております。,あり,なし,なし,利用不可,全面禁煙,貸切可 ：30～55名様まで貸切が可能です。お気軽にお問い合わせください。,,なし ：近隣のパーキングまたは公共交通機関をご利用ください。,なし ：お気軽にお声掛けください。スタッフがお手伝いいたします。,,,,なし,,なし,不可,なし,なし,不可,お子様連れOK,あり,営業していない,,,,中国料理レストラン 宮崎ちゅうごくりょうりれすとらん みやざきチュウゴクリョウリレストラン ミヤザキ東京都港区新橋３丁目２４−１新橋銀座・有楽町・新橋・築地・月島テレビでも紹介された人気の中華屋さん♪(架空のお店です。実在しません。)中華
TempShop_46,中華バル 安藤,,ちゅうかばる あんどう,東京都港区赤坂３−１−３,赤坂見附,0,SS10,関東,SA11,東京,Z011,東京,Y045,赤坂・六本木・麻布十番・西麻布,X125,赤坂・赤坂見附,35.6761433963,139.7373630559,G007,中華,おいしくてコスパ◎2000円～のプランあり！(架空のお店です。実在しません。),G013,ラーメン,B002,2001～3000円,ランチ平均：750円　通常平均：2000円　コース平均：3000円,au PAYもご利用可能です。,テイクアウトやってます！ 中国・東北料理がイチオシ,45,赤坂見附駅徒歩1分：赤坂見附方面改札から外堀通り方面へ歩き、カフェのサンマルクカフェ隣にございます。,赤坂見附駅徒歩1分:外堀通り沿いのカフェ隣,,,,,https://ippin-bucket-dev.s3-ap-northeast-1.amazonaws.com/TemporaryShops/photo/mobile/l/TempShop_46.jpeg,,月、水～日、祝日、祝前日: 11:00～14:00 （料理L.O. 13:30 ドリンクL.O. 13:30）17:30～23:00 （料理L.O. 22:30 ドリンクL.O. 22:30）,火,40,なし,☆ご宴会大歓迎☆大満足のコースもご用意しておりますので、お気軽にご予約ください！,あり,あり ：宴会コースご予約時のみ承っております。,あり ：宴会コースご予約時のみ承っております。お得なコースをぜひご利用ください♪,なし,なし,なし,利用可,全面禁煙,貸切可 ：30～40名様まで可能です。,,なし ：近隣のコインパーキングをご利用下さい。,なし ：エレベーターがありますが段差がございます。,一部メニューに英語表記があります。,,,なし,,なし,不可,あり,あり,不可,お子様連れ歓迎 ：10歳未満のお子様にはソフトドリンク1杯サービスしております♪お声掛けくださいませ。,あり,営業していない,お祝い・サプライズに関しては、事前にご連絡いただき、ご希望をお聞かせください♪,,,中華バル 安藤ちゅうかばる あんどうチュウカバル アンドウ東京都港区赤坂３−１−３赤坂見附赤坂・六本木・麻布十番・西麻布おいしくてコスパ◎2000円～のプランあり！(架空のお店です。実在しません。)中華
TempShop_47,中華 遠藤,,ちゅうか えんどう,東京都三鷹市井の頭１−８−２,三鷹台,0,SS10,関東,SA11,東京,Z011,東京,Y100,吉祥寺・荻窪・三鷹,XA6W,三鷹台,35.6920095752,139.5882456558,G001,居酒屋,中華居酒屋(架空のお店です。実在しません。),G007,中華,B002,2001～3000円,3000円,,味が自慢の本格中華料理◆ 単品飲み放題！1500円/人,26,京王井の頭線三鷹台駅南口より徒歩約1分◆南口を出て左に曲がると、黒塗りのビルが見えてくるので、そのビルの2階です♪,京王井の頭線三鷹台駅南口より徒歩約1分◆,,,,,https://ippin-bucket-dev.s3-ap-northeast-1.amazonaws.com/TemporaryShops/photo/mobile/l/TempShop_47.jpeg,,月～土、祝日、祝前日: 10:00～22:00 （料理L.O. 21:30 ドリンクL.O. 21:30）,日,14,未確認,,あり,あり,あり,あり ：【完全個室あり】最大8名収容可。,なし,なし,利用可,全面禁煙,貸切不可,,なし ：近隣にコインパーキングがございます。,なし,,,,なし,,なし,不可,なし,なし,不可,お子様連れ不可,あり,営業していない,,,,中華 遠藤ちゅうか えんどうチュウカ エンドウ東京都三鷹市井の頭１−８−２三鷹台吉祥寺・荻窪・三鷹中華居酒屋(架空のお店です。実在しません。)居酒屋
TempShop_48,酒家 酒井,,しゅか さかい,東京都豊島区東池袋１−１９−１,池袋,0,SS10,関東,SA11,東京,Z011,東京,Y050,池袋,X145,池袋東口,35.7304561611,139.7163376604,G013,ラーメン,中華料理(架空のお店です。実在しません。),G007,中華,B001,1501～2000円,1000円,ご不明点等がございましたらお店へお問い合わせ下さい。,行きつけの店にしよう！ カップルや友人と気軽に♪,56,JR池袋駅東口徒歩3分／「甘太郎 池袋60F通り店」内にて間借り営業中！,JR池袋駅東口徒歩3分★甘太郎内にて間借り営業中!,,,,,https://ippin-bucket-dev.s3-ap-northeast-1.amazonaws.com/TemporaryShops/photo/mobile/l/TempShop_48.jpeg,,月、火、金～日、祝日、祝前日: 11:00～21:00 （料理L.O. 20:50 ドリンクL.O. 20:50）水: 11:00～15:00 （料理L.O. 14:50 ドリンクL.O. 14:50）,木,22,なし,応相談,あり,あり ：詳細はお店へお問い合わせ下さい。,なし ：食べ放題のご用意はございません。一品ずつ心を込めてお出しします。,あり ：22名様まで,なし ：掘りごたつのご用意はございません。ご了承下さい。,あり ：6人掛けのテーブルとなっております。（2席）,利用不可,全面禁煙,貸切不可 ：ご了承下さい。,,なし,なし,ご不明点等ございましたらお気軽にお店へお問い合わせ下さい。,,,なし,,なし,不可,あり,なし,不可,お子様連れ歓迎 ：お子様用の椅子もご用意しております。,なし,営業していない,ご不明点等ございましたらお気軽にお店へお問い合わせ下さい。,,,酒家 酒井しゅか さかいシュカ サカイ東京都豊島区東池袋１−１９−１池袋池袋中華料理(架空のお店です。実在しません。)ラーメン
TempShop_49,中華厨房 中野,,ちゅうかちゅうぼう なかの,東京都町田市木曽西３−７−３４,古淵,1,SS10,関東,SA11,東京,Z011,東京,Y105,町田,XA7X,町田市その他,35.5670259466,139.4232802299,G007,中華,★ＮＥＷＯＰＥＮ★　本格中華の居酒屋(架空のお店です。実在しません。),G007,中華,B002,2001～3000円,3000円,,ふんわりカニ玉♪ .カリッと若鳥のから揚げ,18,ＪＲ横浜線「古淵駅」から「山崎団地」又は「藤の台団地」行きのバスで「木曽入口」下車徒歩3分 ,「古淵駅」からバスで「木曽入口」下車徒歩3分,,,,,https://ippin-bucket-dev.s3-ap-northeast-1.amazonaws.com/TemporaryShops/photo/mobile/l/TempShop_49.jpeg,,月～金、祝日、祝前日: 11:00～14:00 （料理L.O. 13:30 ドリンクL.O. 13:30）17:00～翌3:00 （料理L.O. 翌2:30 ドリンクL.O. 翌2:30）土、日: 11:00～14:00 （料理L.O. 13:30 ドリンクL.O. 13:30）17:00～翌4:00 （料理L.O. 翌3:30 ドリンクL.O. 翌3:30）,なし,12,あり,,あり,あり,なし,あり,あり,なし,利用不可,全面禁煙,貸切不可,,あり,なし,,,,なし,,なし,不可,なし,なし,不可,お子様連れOK,あり,営業していない,,,,中華厨房 中野ちゅうかちゅうぼう なかのチュウカチュウボウ ナカノ東京都町田市木曽西３−７−３４古淵町田★ＮＥＷＯＰＥＮ★　本格中華の居酒屋(架空のお店です。実在しません。)中華
TempShop_50,中華バル 河野,,ちゅうかばる こうの,東京都江戸川区中葛西３−５−１,葛西,1,SS10,関東,SA11,東京,Z011,東京,Y018,門前仲町・東陽町・木場・葛西,XA3G,葛西,35.6681700382,139.868943874,G007,中華,朝5時まで営業♪流川の本格中華居酒屋。(架空のお店です。実在しません。),G007,中華,B002,2001～3000円,2000円,,《深夜～朝まで歓迎☆》 《本格中華料理》,30,地下鉄東西線葛西駅 徒歩10分,地下鉄東西線葛西駅 徒歩10分,,,,,https://ippin-bucket-dev.s3-ap-northeast-1.amazonaws.com/TemporaryShops/photo/mobile/l/TempShop_50.jpeg,,月～木、日、祝日: 18:00～翌3:00 （料理L.O. 翌2:45 ドリンクL.O. 翌3:00）金、土、祝前日: 18:00～翌5:00 （料理L.O. 翌4:30 ドリンクL.O. 翌5:00）,年中無休。全室喫煙可の為、二十歳未満の御入店をお断りしてます。,30,なし,,あり,あり ：コースでご用意しております。,なし,なし,なし,なし,利用可,全面禁煙,貸切不可 ：20名以上,,あり ：有　26台(共有),なし,,,,なし,,なし,不可,なし,なし,不可,お子様連れ不可,なし,営業していない,,,,中華バル 河野ちゅうかばる こうのチュウカバル コウノ東京都江戸川区中葛西３−５−１葛西門前仲町・東陽町・木場・葛西朝5時まで営業♪流川の本格中華居酒屋。(架空のお店です。実在しません。)中華